match_id,maps,OurTeamsSide,Victory,enemyTeam,date
43868bdf-77c4-4bd3-bffb-d82effe43e6c,starry_night,A,0,MFF1,2026-04-15 18:10
43868bdf-77c4-4bd3-bffb-d82effe43e6c,face,A,1,MFF1,2026-04-15 18:10
43868bdf-77c4-4bd3-bffb-d82effe43e6c,minimaze,A,1,MFF1,2026-04-15 18:10
43868bdf-77c4-4bd3-bffb-d82effe43e6c,flappy_bird,A,1,MFF1,2026-04-15 18:10
43868bdf-77c4-4bd3-bffb-d82effe43e6c,building_blocks,A,1,MFF1,2026-04-15 18:10
744e1c15-ee07-4abc-83a1-77dc411d0d3e,cinnamon_roll,B,1,test,2026-04-15 18:02
744e1c15-ee07-4abc-83a1-77dc411d0d3e,we_love_tetris,B,1,test,2026-04-15 18:02
744e1c15-ee07-4abc-83a1-77dc411d0d3e,tiles,B,1,test,2026-04-15 18:02
744e1c15-ee07-4abc-83a1-77dc411d0d3e,gaussian,B,1,test,2026-04-15 18:02
744e1c15-ee07-4abc-83a1-77dc411d0d3e,starry_night,B,1,test,2026-04-15 18:02
5b627ee7-65fb-4e6d-9e28-7dd5306376f8,building_blocks,A,1,Kessoku Band,2026-04-15 17:55
5b627ee7-65fb-4e6d-9e28-7dd5306376f8,dna,A,1,Kessoku Band,2026-04-15 17:55
5b627ee7-65fb-4e6d-9e28-7dd5306376f8,metropolitan_dystopia,A,1,Kessoku Band,2026-04-15 17:55
5b627ee7-65fb-4e6d-9e28-7dd5306376f8,labyrinth,A,1,Kessoku Band,2026-04-15 17:55
5b627ee7-65fb-4e6d-9e28-7dd5306376f8,cold,A,1,Kessoku Band,2026-04-15 17:55
78a3de69-c96f-414c-b8ad-0ac91a1ddf3d,bear_of_doom,B,1,muteki,2026-04-15 17:50
78a3de69-c96f-414c-b8ad-0ac91a1ddf3d,git_branches,B,1,muteki,2026-04-15 17:50
78a3de69-c96f-414c-b8ad-0ac91a1ddf3d,cubes,B,1,muteki,2026-04-15 17:50
78a3de69-c96f-414c-b8ad-0ac91a1ddf3d,starry_night,B,1,muteki,2026-04-15 17:50
78a3de69-c96f-414c-b8ad-0ac91a1ddf3d,hourglass,B,1,muteki,2026-04-15 17:50
454dcdfe-4ca7-475b-b90b-ce3f7c3b2f86,separated,B,1,Pantheon,2026-04-15 17:29
454dcdfe-4ca7-475b-b90b-ce3f7c3b2f86,battlebot,B,1,Pantheon,2026-04-15 17:29
454dcdfe-4ca7-475b-b90b-ce3f7c3b2f86,chess,B,1,Pantheon,2026-04-15 17:29
454dcdfe-4ca7-475b-b90b-ce3f7c3b2f86,donut,B,0,Pantheon,2026-04-15 17:29
454dcdfe-4ca7-475b-b90b-ce3f7c3b2f86,flowers,B,1,Pantheon,2026-04-15 17:29
73fefcfa-86a1-4701-b093-9882e488da7d,pls_buy_cucats_merch,B,1,MFF1,2026-04-15 17:21
73fefcfa-86a1-4701-b093-9882e488da7d,shish_kebab,B,1,MFF1,2026-04-15 17:21
73fefcfa-86a1-4701-b093-9882e488da7d,starry_night,B,1,MFF1,2026-04-15 17:21
73fefcfa-86a1-4701-b093-9882e488da7d,default_large2,B,1,MFF1,2026-04-15 17:21
73fefcfa-86a1-4701-b093-9882e488da7d,cinnamon_roll,B,1,MFF1,2026-04-15 17:21
661e9f58-e763-4dee-9fff-ccd042d84122,labyrinth,A,1,something else,2026-04-15 17:14
661e9f58-e763-4dee-9fff-ccd042d84122,metropolitan_dystopia,A,1,something else,2026-04-15 17:14
661e9f58-e763-4dee-9fff-ccd042d84122,cubes,A,1,something else,2026-04-15 17:14
661e9f58-e763-4dee-9fff-ccd042d84122,window_shopping,A,1,something else,2026-04-15 17:14
661e9f58-e763-4dee-9fff-ccd042d84122,coffee,A,1,something else,2026-04-15 17:14
0d0cc66c-7d38-40e2-bc7d-ab119324833e,labyrinth,B,1,something else,2026-04-15 17:03
0d0cc66c-7d38-40e2-bc7d-ab119324833e,wall,B,1,something else,2026-04-15 17:03
0d0cc66c-7d38-40e2-bc7d-ab119324833e,craters,B,0,something else,2026-04-15 17:03
0d0cc66c-7d38-40e2-bc7d-ab119324833e,pixel_forest,B,0,something else,2026-04-15 17:03
0d0cc66c-7d38-40e2-bc7d-ab119324833e,socket,B,1,something else,2026-04-15 17:03
d95f5e2b-25e8-423e-ad93-d3641d237004,the_powerful_egg,B,1,KAIZEN,2026-04-15 16:59
d95f5e2b-25e8-423e-ad93-d3641d237004,thread_of_connection,B,1,KAIZEN,2026-04-15 16:59
d95f5e2b-25e8-423e-ad93-d3641d237004,corridors,B,1,KAIZEN,2026-04-15 16:59
d95f5e2b-25e8-423e-ad93-d3641d237004,default_large1,B,1,KAIZEN,2026-04-15 16:59
d95f5e2b-25e8-423e-ad93-d3641d237004,git_branches,B,1,KAIZEN,2026-04-15 16:59
fb0aa4a6-2e87-4a09-b799-bf855a983a8b,clash_arena,A,1,MFF1,2026-04-15 16:59
fb0aa4a6-2e87-4a09-b799-bf855a983a8b,hopscotch,A,1,MFF1,2026-04-15 16:59
fb0aa4a6-2e87-4a09-b799-bf855a983a8b,metropolitan_dystopia,A,1,MFF1,2026-04-15 16:59
fb0aa4a6-2e87-4a09-b799-bf855a983a8b,drawing_circles_is_hard,A,1,MFF1,2026-04-15 16:59
fb0aa4a6-2e87-4a09-b799-bf855a983a8b,default_large1,A,1,MFF1,2026-04-15 16:59
35cb0273-1f99-4429-a6ab-e7a99c0e71b8,pong,A,1,Kessoku Band,2026-04-15 16:47
35cb0273-1f99-4429-a6ab-e7a99c0e71b8,corridors,A,0,Kessoku Band,2026-04-15 16:47
35cb0273-1f99-4429-a6ab-e7a99c0e71b8,coffee,A,0,Kessoku Band,2026-04-15 16:47
35cb0273-1f99-4429-a6ab-e7a99c0e71b8,default_medium1,A,1,Kessoku Band,2026-04-15 16:47
35cb0273-1f99-4429-a6ab-e7a99c0e71b8,craters,A,1,Kessoku Band,2026-04-15 16:47
f9c28646-8d09-414c-b584-2fa002bc27ba,bar_chart,A,1,PPP,2026-04-15 16:46
f9c28646-8d09-414c-b584-2fa002bc27ba,coffee,A,1,PPP,2026-04-15 16:46
f9c28646-8d09-414c-b584-2fa002bc27ba,settlement,A,0,PPP,2026-04-15 16:46
f9c28646-8d09-414c-b584-2fa002bc27ba,thread_of_connection,A,1,PPP,2026-04-15 16:46
f9c28646-8d09-414c-b584-2fa002bc27ba,shish_kebab,A,1,PPP,2026-04-15 16:46
b58eaf34-575c-4148-8fdf-0393748a69b1,corridors,A,1,MFF1,2026-04-15 16:29
b58eaf34-575c-4148-8fdf-0393748a69b1,tea,A,1,MFF1,2026-04-15 16:29
b58eaf34-575c-4148-8fdf-0393748a69b1,settlement,A,1,MFF1,2026-04-15 16:29
b58eaf34-575c-4148-8fdf-0393748a69b1,landscape,A,1,MFF1,2026-04-15 16:29
b58eaf34-575c-4148-8fdf-0393748a69b1,hooks,A,1,MFF1,2026-04-15 16:29
840058cd-9d67-4323-b944-13365d7d8fd6,bar_chart,B,1,test,2026-04-15 16:29
840058cd-9d67-4323-b944-13365d7d8fd6,default_small2,B,1,test,2026-04-15 16:29
840058cd-9d67-4323-b944-13365d7d8fd6,the_great_divide,B,1,test,2026-04-15 16:29
840058cd-9d67-4323-b944-13365d7d8fd6,shish_kebab,B,1,test,2026-04-15 16:29
840058cd-9d67-4323-b944-13365d7d8fd6,rush_bait,B,0,test,2026-04-15 16:29
7f885ff1-e1c8-4099-9439-7a5e277c0fcf,the_great_divide,B,0,Pantheon,2026-04-15 16:18
7f885ff1-e1c8-4099-9439-7a5e277c0fcf,separated,B,1,Pantheon,2026-04-15 16:18
7f885ff1-e1c8-4099-9439-7a5e277c0fcf,first_sound,B,1,Pantheon,2026-04-15 16:18
7f885ff1-e1c8-4099-9439-7a5e277c0fcf,metropolitan_dystopia,B,0,Pantheon,2026-04-15 16:18
7f885ff1-e1c8-4099-9439-7a5e277c0fcf,perch_point,B,1,Pantheon,2026-04-15 16:18
ae4c383c-fc37-478c-849d-517fd01bb6a0,pong,B,1,bwaaa,2026-04-15 16:09
ae4c383c-fc37-478c-849d-517fd01bb6a0,face,B,1,bwaaa,2026-04-15 16:09
ae4c383c-fc37-478c-849d-517fd01bb6a0,tea,B,1,bwaaa,2026-04-15 16:09
ae4c383c-fc37-478c-849d-517fd01bb6a0,hourglass,B,1,bwaaa,2026-04-15 16:09
ae4c383c-fc37-478c-849d-517fd01bb6a0,vase,B,1,bwaaa,2026-04-15 16:09
8a2df9f8-829f-4f57-97ad-41acd866926d,binary_tree,B,1,something else,2026-04-15 15:59
8a2df9f8-829f-4f57-97ad-41acd866926d,chess,B,1,something else,2026-04-15 15:59
8a2df9f8-829f-4f57-97ad-41acd866926d,dna,B,1,something else,2026-04-15 15:59
8a2df9f8-829f-4f57-97ad-41acd866926d,first_sound,B,0,something else,2026-04-15 15:59
8a2df9f8-829f-4f57-97ad-41acd866926d,default_small1,B,1,something else,2026-04-15 15:59
50f9b986-3811-48e2-a637-19a76a7e59b3,spikes,A,1,MFF1,2026-04-15 15:48
50f9b986-3811-48e2-a637-19a76a7e59b3,wall,A,1,MFF1,2026-04-15 15:48
50f9b986-3811-48e2-a637-19a76a7e59b3,dna,A,1,MFF1,2026-04-15 15:48
50f9b986-3811-48e2-a637-19a76a7e59b3,the_great_divide,A,1,MFF1,2026-04-15 15:48
50f9b986-3811-48e2-a637-19a76a7e59b3,chess,A,1,MFF1,2026-04-15 15:48
72f1b86d-464c-425c-a45d-2808ed52dc5a,gaussian,A,1,PPP,2026-04-15 15:35
72f1b86d-464c-425c-a45d-2808ed52dc5a,the_great_divide,A,1,PPP,2026-04-15 15:35
72f1b86d-464c-425c-a45d-2808ed52dc5a,starry_night,A,0,PPP,2026-04-15 15:35
72f1b86d-464c-425c-a45d-2808ed52dc5a,pixel_forest,A,0,PPP,2026-04-15 15:35
72f1b86d-464c-425c-a45d-2808ed52dc5a,wall,A,1,PPP,2026-04-15 15:35
23069d5c-cac7-43cf-880a-667efedf6ae9,metropolitan_dystopia,B,1,Kessoku Band,2026-04-15 15:29
23069d5c-cac7-43cf-880a-667efedf6ae9,default_small2,B,0,Kessoku Band,2026-04-15 15:29
23069d5c-cac7-43cf-880a-667efedf6ae9,wasteland,B,0,Kessoku Band,2026-04-15 15:29
23069d5c-cac7-43cf-880a-667efedf6ae9,shrub,B,1,Kessoku Band,2026-04-15 15:29
23069d5c-cac7-43cf-880a-667efedf6ae9,bar_chart,B,1,Kessoku Band,2026-04-15 15:29
f2cb2f53-754f-43a3-b528-abcabb30c8ad,default_medium2,B,1,Master Oogway,2026-04-15 15:20
f2cb2f53-754f-43a3-b528-abcabb30c8ad,starry_night,B,0,Master Oogway,2026-04-15 15:20
f2cb2f53-754f-43a3-b528-abcabb30c8ad,building_blocks,B,1,Master Oogway,2026-04-15 15:20
f2cb2f53-754f-43a3-b528-abcabb30c8ad,shish_kebab,B,1,Master Oogway,2026-04-15 15:20
f2cb2f53-754f-43a3-b528-abcabb30c8ad,cubes,B,1,Master Oogway,2026-04-15 15:20
4f5b1f37-c717-43e5-963d-02f9859aef44,strings,B,0,Pantheon,2026-04-15 15:12
4f5b1f37-c717-43e5-963d-02f9859aef44,gaussian,B,1,Pantheon,2026-04-15 15:12
4f5b1f37-c717-43e5-963d-02f9859aef44,butterfly,B,1,Pantheon,2026-04-15 15:12
4f5b1f37-c717-43e5-963d-02f9859aef44,hopscotch,B,1,Pantheon,2026-04-15 15:12
4f5b1f37-c717-43e5-963d-02f9859aef44,default_small2,B,1,Pantheon,2026-04-15 15:12
f8925e56-0113-491c-8a18-d71cb44031d7,cinnamon_roll,B,1,Dark Overlord,2026-04-15 15:01
f8925e56-0113-491c-8a18-d71cb44031d7,gaussian,B,1,Dark Overlord,2026-04-15 15:01
f8925e56-0113-491c-8a18-d71cb44031d7,tiles,B,1,Dark Overlord,2026-04-15 15:01
f8925e56-0113-491c-8a18-d71cb44031d7,first_sound,B,1,Dark Overlord,2026-04-15 15:01
f8925e56-0113-491c-8a18-d71cb44031d7,coffee,B,1,Dark Overlord,2026-04-15 15:01
7732042a-9549-4c22-a4ed-d2b1dad12e6c,starry_night,A,1,Dark Overlord,2026-04-15 15:01
84320bc9-88c9-496a-a962-c06c63380d1f,the_great_divide,A,0,bwaaa,2026-04-15 14:54
84320bc9-88c9-496a-a962-c06c63380d1f,cinnamon_roll,A,0,bwaaa,2026-04-15 14:54
84320bc9-88c9-496a-a962-c06c63380d1f,bear_of_doom,A,1,bwaaa,2026-04-15 14:54
84320bc9-88c9-496a-a962-c06c63380d1f,default_medium1,A,0,bwaaa,2026-04-15 14:54
84320bc9-88c9-496a-a962-c06c63380d1f,the_powerful_egg,A,1,bwaaa,2026-04-15 14:54
6983202c-913e-422b-845f-f9e640736f48,climbing_wall,A,0,something else,2026-04-15 14:52
6983202c-913e-422b-845f-f9e640736f48,wall,A,1,something else,2026-04-15 14:52
6983202c-913e-422b-845f-f9e640736f48,gaussian,A,1,something else,2026-04-15 14:52
6983202c-913e-422b-845f-f9e640736f48,wasteland,A,0,something else,2026-04-15 14:52
6983202c-913e-422b-845f-f9e640736f48,cinnamon_roll,A,1,something else,2026-04-15 14:52
619bfe22-7214-49b7-b9ad-402590217ed4,face,B,1,Tootill Labs,2026-04-15 14:48
619bfe22-7214-49b7-b9ad-402590217ed4,hooks,B,1,Tootill Labs,2026-04-15 14:48
619bfe22-7214-49b7-b9ad-402590217ed4,cinnamon_roll,B,1,Tootill Labs,2026-04-15 14:48
619bfe22-7214-49b7-b9ad-402590217ed4,git_branches,B,1,Tootill Labs,2026-04-15 14:48
619bfe22-7214-49b7-b9ad-402590217ed4,tiles,B,0,Tootill Labs,2026-04-15 14:48
df4aa48c-0eb3-405d-83e3-5217e08a7b53,tree_of_life,A,1,MFF1,2026-04-15 14:37
df4aa48c-0eb3-405d-83e3-5217e08a7b53,settlement,A,1,MFF1,2026-04-15 14:37
df4aa48c-0eb3-405d-83e3-5217e08a7b53,hourglass,A,1,MFF1,2026-04-15 14:37
df4aa48c-0eb3-405d-83e3-5217e08a7b53,the_great_divide,A,0,MFF1,2026-04-15 14:37
df4aa48c-0eb3-405d-83e3-5217e08a7b53,window_shopping,A,1,MFF1,2026-04-15 14:37
22c573bf-0cd5-4cf2-9b54-1941c8ba4462,rush_bait,B,1,test,2026-04-15 14:31
22c573bf-0cd5-4cf2-9b54-1941c8ba4462,flappy_bird,B,0,test,2026-04-15 14:31
22c573bf-0cd5-4cf2-9b54-1941c8ba4462,perch_point,B,1,test,2026-04-15 14:31
22c573bf-0cd5-4cf2-9b54-1941c8ba4462,bar_chart,B,0,test,2026-04-15 14:31
22c573bf-0cd5-4cf2-9b54-1941c8ba4462,tree_of_life,B,1,test,2026-04-15 14:31
dfa44fea-dc63-4466-8973-efa0bea7b953,default_large1,B,1,Kessoku Band,2026-04-15 14:20
dfa44fea-dc63-4466-8973-efa0bea7b953,tiles,B,0,Kessoku Band,2026-04-15 14:20
dfa44fea-dc63-4466-8973-efa0bea7b953,gaussian,B,1,Kessoku Band,2026-04-15 14:20
dfa44fea-dc63-4466-8973-efa0bea7b953,spikes,B,1,Kessoku Band,2026-04-15 14:20
dfa44fea-dc63-4466-8973-efa0bea7b953,corridors,B,0,Kessoku Band,2026-04-15 14:20
33f53311-a383-47b5-840b-ce8f9ccdf7a5,landscape,B,1,MFF1,2026-04-15 14:19
33f53311-a383-47b5-840b-ce8f9ccdf7a5,metropolitan_dystopia,B,1,MFF1,2026-04-15 14:19
33f53311-a383-47b5-840b-ce8f9ccdf7a5,hooks,B,1,MFF1,2026-04-15 14:19
33f53311-a383-47b5-840b-ce8f9ccdf7a5,craters,B,1,MFF1,2026-04-15 14:19
33f53311-a383-47b5-840b-ce8f9ccdf7a5,wasteland,B,0,MFF1,2026-04-15 14:19
d364f704-b76e-4628-8230-87a85a9a9c6d,shish_kebab,B,1,Squishy,2026-04-15 14:09
d364f704-b76e-4628-8230-87a85a9a9c6d,butterfly,B,1,Squishy,2026-04-15 14:09
d364f704-b76e-4628-8230-87a85a9a9c6d,starry_night,B,1,Squishy,2026-04-15 14:09
d364f704-b76e-4628-8230-87a85a9a9c6d,coffee,B,1,Squishy,2026-04-15 14:09
d364f704-b76e-4628-8230-87a85a9a9c6d,pixel_forest,B,0,Squishy,2026-04-15 14:09
87d1ae85-30f4-4791-908e-093ddc06828b,gaussian,A,1,Pantheon,2026-04-15 14:02
87d1ae85-30f4-4791-908e-093ddc06828b,default_large1,A,0,Pantheon,2026-04-15 14:02
87d1ae85-30f4-4791-908e-093ddc06828b,castle_keep,A,1,Pantheon,2026-04-15 14:02
87d1ae85-30f4-4791-908e-093ddc06828b,shrub,A,1,Pantheon,2026-04-15 14:02
87d1ae85-30f4-4791-908e-093ddc06828b,pong,A,1,Pantheon,2026-04-15 14:02
6524698b-773d-4cbf-8976-33144b818ada,hourglass,B,1,bwaaa,2026-04-15 13:44
6524698b-773d-4cbf-8976-33144b818ada,craters,B,1,bwaaa,2026-04-15 13:44
6524698b-773d-4cbf-8976-33144b818ada,donut,B,1,bwaaa,2026-04-15 13:44
6524698b-773d-4cbf-8976-33144b818ada,bear_of_doom,B,1,bwaaa,2026-04-15 13:44
6524698b-773d-4cbf-8976-33144b818ada,chess,B,1,bwaaa,2026-04-15 13:44
8e3bd87c-206e-4e91-8021-a514127238bb,bar_chart,B,0,something else,2026-04-15 13:40
8e3bd87c-206e-4e91-8021-a514127238bb,landscape,B,0,something else,2026-04-15 13:40
8e3bd87c-206e-4e91-8021-a514127238bb,perch_point,B,1,something else,2026-04-15 13:40
8e3bd87c-206e-4e91-8021-a514127238bb,flowers,B,0,something else,2026-04-15 13:40
8e3bd87c-206e-4e91-8021-a514127238bb,face,B,1,something else,2026-04-15 13:40
260456fd-5dbe-4aa7-9783-d754f25b38da,wasteland_oasis,B,0,PPP,2026-04-15 13:26
260456fd-5dbe-4aa7-9783-d754f25b38da,git_branches,B,1,PPP,2026-04-15 13:26
260456fd-5dbe-4aa7-9783-d754f25b38da,vase,B,1,PPP,2026-04-15 13:26
260456fd-5dbe-4aa7-9783-d754f25b38da,tea,B,1,PPP,2026-04-15 13:26
260456fd-5dbe-4aa7-9783-d754f25b38da,castle_keep,B,1,PPP,2026-04-15 13:26
5af07124-ac42-4be7-9a0b-d01efd414217,coffee,B,1,MFF1,2026-04-15 13:23
5af07124-ac42-4be7-9a0b-d01efd414217,vase,B,1,MFF1,2026-04-15 13:23
5af07124-ac42-4be7-9a0b-d01efd414217,corridors,B,1,MFF1,2026-04-15 13:23
5af07124-ac42-4be7-9a0b-d01efd414217,we_love_tetris,B,1,MFF1,2026-04-15 13:23
5af07124-ac42-4be7-9a0b-d01efd414217,labyrinth,B,1,MFF1,2026-04-15 13:23
182d0938-4c29-4d28-a7c2-e860daaed3fe,pixel_forest,A,1,MFF1,2026-04-15 13:20
182d0938-4c29-4d28-a7c2-e860daaed3fe,first_sound,A,1,MFF1,2026-04-15 13:20
182d0938-4c29-4d28-a7c2-e860daaed3fe,craters,A,1,MFF1,2026-04-15 13:20
182d0938-4c29-4d28-a7c2-e860daaed3fe,labyrinth,A,1,MFF1,2026-04-15 13:20
182d0938-4c29-4d28-a7c2-e860daaed3fe,corridors,A,1,MFF1,2026-04-15 13:20
27c688a9-f1af-456e-867d-c11a978d3c2b,vase,B,0,Kessoku Band,2026-04-15 13:12
27c688a9-f1af-456e-867d-c11a978d3c2b,tree_of_life,B,1,Kessoku Band,2026-04-15 13:12
27c688a9-f1af-456e-867d-c11a978d3c2b,cinnamon_roll,B,1,Kessoku Band,2026-04-15 13:12
27c688a9-f1af-456e-867d-c11a978d3c2b,flappy_bird,B,1,Kessoku Band,2026-04-15 13:12
27c688a9-f1af-456e-867d-c11a978d3c2b,hopscotch,B,1,Kessoku Band,2026-04-15 13:12
5fe08b84-ba5a-4df0-8bb7-3483ea9e03cb,shish_kebab,B,1,Squishy,2026-04-15 13:00
5fe08b84-ba5a-4df0-8bb7-3483ea9e03cb,we_love_tetris,B,1,Squishy,2026-04-15 13:00
5fe08b84-ba5a-4df0-8bb7-3483ea9e03cb,spikes,B,1,Squishy,2026-04-15 13:00
5fe08b84-ba5a-4df0-8bb7-3483ea9e03cb,battlebot,B,1,Squishy,2026-04-15 13:00
5fe08b84-ba5a-4df0-8bb7-3483ea9e03cb,wasteland_oasis,B,1,Squishy,2026-04-15 13:00
176a17ec-8aa7-4e46-b5b3-0c0cba2f5da5,shrub,B,1,something else,2026-04-15 12:55
176a17ec-8aa7-4e46-b5b3-0c0cba2f5da5,rush_bait,B,0,something else,2026-04-15 12:55
176a17ec-8aa7-4e46-b5b3-0c0cba2f5da5,thread_of_connection,B,0,something else,2026-04-15 12:55
176a17ec-8aa7-4e46-b5b3-0c0cba2f5da5,default_large2,B,1,something else,2026-04-15 12:55
176a17ec-8aa7-4e46-b5b3-0c0cba2f5da5,tree_of_life,B,1,something else,2026-04-15 12:55
d7788391-f83a-4f5d-ad3a-183929fb3373,face,A,1,something else,2026-04-15 12:54
d7788391-f83a-4f5d-ad3a-183929fb3373,cold,A,0,something else,2026-04-15 12:54
d7788391-f83a-4f5d-ad3a-183929fb3373,vase,A,1,something else,2026-04-15 12:54
d7788391-f83a-4f5d-ad3a-183929fb3373,coffee,A,0,something else,2026-04-15 12:54
d7788391-f83a-4f5d-ad3a-183929fb3373,sierpinski_evil,A,0,something else,2026-04-15 12:54
488f3c81-7daa-4230-acc9-80f7c674ebcd,default_small1,A,1,Pantheon,2026-04-15 12:49
488f3c81-7daa-4230-acc9-80f7c674ebcd,cinnamon_roll,A,1,Pantheon,2026-04-15 12:49
488f3c81-7daa-4230-acc9-80f7c674ebcd,default_small2,A,1,Pantheon,2026-04-15 12:49
488f3c81-7daa-4230-acc9-80f7c674ebcd,pls_buy_cucats_merch,A,0,Pantheon,2026-04-15 12:49
488f3c81-7daa-4230-acc9-80f7c674ebcd,galaxy,A,1,Pantheon,2026-04-15 12:49
b6e37085-774d-4b75-a914-84c0aa67ed51,window_shopping,B,1,bwaaa,2026-04-15 12:38
b6e37085-774d-4b75-a914-84c0aa67ed51,settlement,B,1,bwaaa,2026-04-15 12:38
b6e37085-774d-4b75-a914-84c0aa67ed51,git_branches,B,1,bwaaa,2026-04-15 12:38
b6e37085-774d-4b75-a914-84c0aa67ed51,wasteland,B,0,bwaaa,2026-04-15 12:38
b6e37085-774d-4b75-a914-84c0aa67ed51,landscape,B,0,bwaaa,2026-04-15 12:38
409984ce-f532-4574-8ede-447c9c29ff87,rush_bait,A,1,bwaaa,2026-04-15 12:31
409984ce-f532-4574-8ede-447c9c29ff87,flowers,A,1,bwaaa,2026-04-15 12:31
409984ce-f532-4574-8ede-447c9c29ff87,dna,A,1,bwaaa,2026-04-15 12:31
409984ce-f532-4574-8ede-447c9c29ff87,mandelbrot,A,1,bwaaa,2026-04-15 12:31
409984ce-f532-4574-8ede-447c9c29ff87,labyrinth,A,1,bwaaa,2026-04-15 12:31
59cdbe51-fe01-4961-91d8-607f2f647243,we_love_tetris,A,1,bwaaa,2026-04-15 12:27
59cdbe51-fe01-4961-91d8-607f2f647243,shish_kebab,A,1,bwaaa,2026-04-15 12:27
59cdbe51-fe01-4961-91d8-607f2f647243,shrub,A,0,bwaaa,2026-04-15 12:27
59cdbe51-fe01-4961-91d8-607f2f647243,hourglass,A,1,bwaaa,2026-04-15 12:27
59cdbe51-fe01-4961-91d8-607f2f647243,wall,A,1,bwaaa,2026-04-15 12:27
6c1b47c2-5e83-4b60-b0ff-452258fe95e4,tiles,B,0,bwaaa,2026-04-15 12:27
6c1b47c2-5e83-4b60-b0ff-452258fe95e4,thread_of_connection,B,1,bwaaa,2026-04-15 12:27
6c1b47c2-5e83-4b60-b0ff-452258fe95e4,tree_of_life,B,1,bwaaa,2026-04-15 12:27
6c1b47c2-5e83-4b60-b0ff-452258fe95e4,git_branches,B,0,bwaaa,2026-04-15 12:27
6c1b47c2-5e83-4b60-b0ff-452258fe95e4,castle_keep,B,0,bwaaa,2026-04-15 12:27
ef701f78-abe0-4e56-9e14-1ee949e19426,default_large1,A,1,bwaaa,2026-04-15 12:27
ef701f78-abe0-4e56-9e14-1ee949e19426,pixel_forest,A,0,bwaaa,2026-04-15 12:27
ef701f78-abe0-4e56-9e14-1ee949e19426,default_small1,A,1,bwaaa,2026-04-15 12:27
ef701f78-abe0-4e56-9e14-1ee949e19426,pls_buy_cucats_merch,A,1,bwaaa,2026-04-15 12:27
ef701f78-abe0-4e56-9e14-1ee949e19426,binary_tree,A,1,bwaaa,2026-04-15 12:27
acdedc27-0443-47de-9123-e77cc4d5ee3c,metropolitan_dystopia,A,1,bwaaa,2026-04-15 12:27
acdedc27-0443-47de-9123-e77cc4d5ee3c,default_medium2,A,1,bwaaa,2026-04-15 12:27
acdedc27-0443-47de-9123-e77cc4d5ee3c,hooks,A,1,bwaaa,2026-04-15 12:27
acdedc27-0443-47de-9123-e77cc4d5ee3c,wasteland,A,1,bwaaa,2026-04-15 12:27
acdedc27-0443-47de-9123-e77cc4d5ee3c,gaussian,A,1,bwaaa,2026-04-15 12:27
244269f4-51d8-42c6-9a87-200dc61f244c,donut,B,1,something else,2026-04-15 12:27
244269f4-51d8-42c6-9a87-200dc61f244c,hopscotch,B,0,something else,2026-04-15 12:27
244269f4-51d8-42c6-9a87-200dc61f244c,clash_arena,B,0,something else,2026-04-15 12:27
244269f4-51d8-42c6-9a87-200dc61f244c,default_large1,B,0,something else,2026-04-15 12:27
244269f4-51d8-42c6-9a87-200dc61f244c,metropolitan_dystopia,B,0,something else,2026-04-15 12:27
9f8946fc-51e7-4ae4-b3ba-573df357a216,corridors,A,1,bwaaa,2026-04-15 12:27
9f8946fc-51e7-4ae4-b3ba-573df357a216,donut,A,1,bwaaa,2026-04-15 12:27
9f8946fc-51e7-4ae4-b3ba-573df357a216,default_small2,A,1,bwaaa,2026-04-15 12:27
9f8946fc-51e7-4ae4-b3ba-573df357a216,bar_chart,A,0,bwaaa,2026-04-15 12:27
9f8946fc-51e7-4ae4-b3ba-573df357a216,starry_night,A,1,bwaaa,2026-04-15 12:27
53aa88f3-c644-44f5-a8ae-c92ac9121cdc,strings,B,1,bwaaa,2026-04-15 12:26
53aa88f3-c644-44f5-a8ae-c92ac9121cdc,battlebot,B,1,bwaaa,2026-04-15 12:26
53aa88f3-c644-44f5-a8ae-c92ac9121cdc,arena,B,1,bwaaa,2026-04-15 12:26
53aa88f3-c644-44f5-a8ae-c92ac9121cdc,clash_arena,B,0,bwaaa,2026-04-15 12:26
53aa88f3-c644-44f5-a8ae-c92ac9121cdc,cubes,B,0,bwaaa,2026-04-15 12:26
f09e4cf3-3be0-42f3-b2f0-4ac363c6f6b6,vase,B,1,bwaaa,2026-04-15 12:26
f09e4cf3-3be0-42f3-b2f0-4ac363c6f6b6,cold,B,1,bwaaa,2026-04-15 12:26
f09e4cf3-3be0-42f3-b2f0-4ac363c6f6b6,butterfly,B,1,bwaaa,2026-04-15 12:26
f09e4cf3-3be0-42f3-b2f0-4ac363c6f6b6,face,B,1,bwaaa,2026-04-15 12:26
f09e4cf3-3be0-42f3-b2f0-4ac363c6f6b6,first_sound,B,1,bwaaa,2026-04-15 12:26
1dfebdb8-30ff-4735-b634-a17df3f96ccb,socket,A,1,bwaaa,2026-04-15 12:26
1dfebdb8-30ff-4735-b634-a17df3f96ccb,default_large2,A,1,bwaaa,2026-04-15 12:26
1dfebdb8-30ff-4735-b634-a17df3f96ccb,the_great_divide,A,0,bwaaa,2026-04-15 12:26
1dfebdb8-30ff-4735-b634-a17df3f96ccb,default_medium1,A,0,bwaaa,2026-04-15 12:26
1dfebdb8-30ff-4735-b634-a17df3f96ccb,bear_of_doom,A,1,bwaaa,2026-04-15 12:26
761bebb7-a5b8-477e-ae50-54d4d16ad0ea,wasteland_oasis,A,0,bwaaa,2026-04-15 12:26
761bebb7-a5b8-477e-ae50-54d4d16ad0ea,sierpinski_evil,A,1,bwaaa,2026-04-15 12:26
761bebb7-a5b8-477e-ae50-54d4d16ad0ea,galaxy,A,0,bwaaa,2026-04-15 12:26
761bebb7-a5b8-477e-ae50-54d4d16ad0ea,settlement,A,1,bwaaa,2026-04-15 12:26
761bebb7-a5b8-477e-ae50-54d4d16ad0ea,chemistry_class,A,1,bwaaa,2026-04-15 12:26
381f5929-762f-425e-ab04-f02190eda358,donut,B,1,MFF1,2026-04-15 12:22
381f5929-762f-425e-ab04-f02190eda358,tiles,B,0,MFF1,2026-04-15 12:22
381f5929-762f-425e-ab04-f02190eda358,landscape,B,1,MFF1,2026-04-15 12:22
381f5929-762f-425e-ab04-f02190eda358,chemistry_class,B,0,MFF1,2026-04-15 12:22
381f5929-762f-425e-ab04-f02190eda358,hopscotch,B,1,MFF1,2026-04-15 12:22
76c425ce-2998-4407-a624-446af78bb752,coffee,B,1,PPP,2026-04-15 12:16
76c425ce-2998-4407-a624-446af78bb752,wasteland,B,0,PPP,2026-04-15 12:16
76c425ce-2998-4407-a624-446af78bb752,wall,B,1,PPP,2026-04-15 12:16
76c425ce-2998-4407-a624-446af78bb752,galaxy,B,1,PPP,2026-04-15 12:16
76c425ce-2998-4407-a624-446af78bb752,sierpinski_evil,B,1,PPP,2026-04-15 12:16
b1c06606-22c1-4e89-968e-bedb15c82ad7,chess,A,1,MFF1,2026-04-15 12:06
b1c06606-22c1-4e89-968e-bedb15c82ad7,wasteland,A,1,MFF1,2026-04-15 12:06
b1c06606-22c1-4e89-968e-bedb15c82ad7,git_branches,A,0,MFF1,2026-04-15 12:06
b1c06606-22c1-4e89-968e-bedb15c82ad7,cubes,A,1,MFF1,2026-04-15 12:06
b1c06606-22c1-4e89-968e-bedb15c82ad7,binary_tree,A,1,MFF1,2026-04-15 12:06
ba1fc8b0-f4b6-4a7b-b77a-6d3568069117,strings,A,0,Kessoku Band,2026-04-15 12:05
ba1fc8b0-f4b6-4a7b-b77a-6d3568069117,shrub,A,1,Kessoku Band,2026-04-15 12:05
ba1fc8b0-f4b6-4a7b-b77a-6d3568069117,starry_night,A,1,Kessoku Band,2026-04-15 12:05
ba1fc8b0-f4b6-4a7b-b77a-6d3568069117,spikes,A,0,Kessoku Band,2026-04-15 12:05
ba1fc8b0-f4b6-4a7b-b77a-6d3568069117,cubes,A,1,Kessoku Band,2026-04-15 12:05
d523f652-15b4-4320-b920-4d8d7d4442c5,strings,A,0,Kessoku Band,2026-04-15 11:53
d523f652-15b4-4320-b920-4d8d7d4442c5,gaussian,A,1,Kessoku Band,2026-04-15 11:53
d523f652-15b4-4320-b920-4d8d7d4442c5,donut,A,1,Kessoku Band,2026-04-15 11:53
d523f652-15b4-4320-b920-4d8d7d4442c5,thread_of_connection,A,1,Kessoku Band,2026-04-15 11:53
d523f652-15b4-4320-b920-4d8d7d4442c5,we_love_tetris,A,1,Kessoku Band,2026-04-15 11:53
633b6e34-ed09-4cf0-adf0-372850f36696,perch_point,B,1,test,2026-04-15 11:48
633b6e34-ed09-4cf0-adf0-372850f36696,git_branches,B,1,test,2026-04-15 11:48
633b6e34-ed09-4cf0-adf0-372850f36696,face,B,1,test,2026-04-15 11:48
633b6e34-ed09-4cf0-adf0-372850f36696,castle_keep,B,1,test,2026-04-15 11:48
633b6e34-ed09-4cf0-adf0-372850f36696,cinnamon_roll,B,1,test,2026-04-15 11:48
1f698e9f-bb27-460f-80e8-a8b9dad1bf92,shish_kebab,B,0,Squishy,2026-04-15 11:42
1f698e9f-bb27-460f-80e8-a8b9dad1bf92,landscape,B,1,Squishy,2026-04-15 11:42
1f698e9f-bb27-460f-80e8-a8b9dad1bf92,default_small1,B,1,Squishy,2026-04-15 11:42
1f698e9f-bb27-460f-80e8-a8b9dad1bf92,tree_of_life,B,1,Squishy,2026-04-15 11:42
1f698e9f-bb27-460f-80e8-a8b9dad1bf92,chess,B,1,Squishy,2026-04-15 11:42
589b297f-0439-45f4-baa8-f1e3828990dd,labyrinth,A,1,Pantheon,2026-04-15 11:36
589b297f-0439-45f4-baa8-f1e3828990dd,default_large1,A,1,Pantheon,2026-04-15 11:36
589b297f-0439-45f4-baa8-f1e3828990dd,building_blocks,A,1,Pantheon,2026-04-15 11:36
589b297f-0439-45f4-baa8-f1e3828990dd,spikes,A,0,Pantheon,2026-04-15 11:36
589b297f-0439-45f4-baa8-f1e3828990dd,craters,A,0,Pantheon,2026-04-15 11:36
c358e55c-491d-4bb2-8e94-c1dc19855db9,we_love_tetris,B,1,MFF1,2026-04-15 11:29
c358e55c-491d-4bb2-8e94-c1dc19855db9,default_large2,B,1,MFF1,2026-04-15 11:29
c358e55c-491d-4bb2-8e94-c1dc19855db9,shish_kebab,B,1,MFF1,2026-04-15 11:29
c358e55c-491d-4bb2-8e94-c1dc19855db9,binary_tree,B,1,MFF1,2026-04-15 11:29
c358e55c-491d-4bb2-8e94-c1dc19855db9,flappy_bird,B,1,MFF1,2026-04-15 11:29
384ea491-8dd4-4ca3-8f74-2ea8cc869267,corridors,A,1,something else,2026-04-15 11:20
384ea491-8dd4-4ca3-8f74-2ea8cc869267,climbing_wall,A,0,something else,2026-04-15 11:20
384ea491-8dd4-4ca3-8f74-2ea8cc869267,mandelbrot,A,1,something else,2026-04-15 11:20
384ea491-8dd4-4ca3-8f74-2ea8cc869267,cubes,A,0,something else,2026-04-15 11:20
384ea491-8dd4-4ca3-8f74-2ea8cc869267,hopscotch,A,1,something else,2026-04-15 11:20
b5980d33-a4f0-4cbe-a5a7-5ce58b795443,default_small1,B,1,PPP,2026-04-15 11:07
b5980d33-a4f0-4cbe-a5a7-5ce58b795443,tea,B,1,PPP,2026-04-15 11:07
b5980d33-a4f0-4cbe-a5a7-5ce58b795443,bar_chart,B,1,PPP,2026-04-15 11:07
b5980d33-a4f0-4cbe-a5a7-5ce58b795443,building_blocks,B,0,PPP,2026-04-15 11:07
b5980d33-a4f0-4cbe-a5a7-5ce58b795443,bear_of_doom,B,1,PPP,2026-04-15 11:07
3c9898ac-2ef1-4af4-b73e-65bc1e175a8d,sierpinski_evil,A,1,MFF1,2026-04-15 10:58
3c9898ac-2ef1-4af4-b73e-65bc1e175a8d,building_blocks,A,1,MFF1,2026-04-15 10:58
3c9898ac-2ef1-4af4-b73e-65bc1e175a8d,pls_buy_cucats_merch,A,1,MFF1,2026-04-15 10:58
3c9898ac-2ef1-4af4-b73e-65bc1e175a8d,gaussian,A,1,MFF1,2026-04-15 10:58
3c9898ac-2ef1-4af4-b73e-65bc1e175a8d,bear_of_doom,A,1,MFF1,2026-04-15 10:58
